Title,Content,Number of Comments,Number of Likes,Number of Scraps,Comments
에이쁠,에브리타임KAIST,5,347,0,이 새기한테 속은게 몇 번인데 ㅅㅂ,모두가 에이쁠을 받는 세상그것이 오히려 더 불행한 것 아닐까?,이 별 같잖은걸로 매번 추천 백개씩 수집하는거 좀 열받음 ㅋㅋ,아 이거 내꺼였는데,예전에 이걸로 공감 몇백개 받고 똥 먹어본사람으로 글 수정한거 생각나네
반올림해야 10학번인 틀딱이 후배님들께 전하는 글,에브리타임KAIST,33,291,388,전 끝까지 읽었어요 잘 새겨듣겠습니다,인생은 어려워요,"좋은 글, 조언 감사합니다^^",세줄요약좀,철 좀 들어라,세 줄 요약 해달랬는데 한 줄 요약 해줬누 ㄷㄷㄷㄷ,"익명17님 깔끔한 요약 감사해요...ㅎㅎ 정작 봐야 할 친구들은 열심히 안본다는걸 안다고 본문에도 써놨지만 막상 이런 반응이 있으니 기분이 이상하네요. 나름 초두에 목차도 달아놨고 뒤에는 하고 싶은 얘기만 다시 간단하게 써놨는데, 이 이상으로 제가 뭘 더 해드릴 수 있나 싶어요. 챗gpt에 이거 요약해달라면 요약도 해주려나요..?",좋은 글 감사합니다. 학부생인데 마음에 와닿는 글이네요.,좋은 글 감사합니다 선배님께서 직접 이런 말씀 해주시니 더욱 와닿는 것 같네요,딱좋다,진심어린 조언 감사합니다.,선배님 좋은 글 감사합니다!,카이3.2 인하 4.2면 대깨여도 4.2 뽑힌다.. 공채로 안들어가보신듯,"저는 공채 입사자입니다...^^ 잘 알고 계시네요. 실제 상황이면 보통 둘 다 붙는 대신 인하대는 좀 프리패스 느낌이고 카이는 '얘 뭐지? 일단 붙여볼까?' 느낌이에요. 다만 제가 인사 담당자라면 저럴 것이라는 표현이었으니 오해는 없으셨으면 합니다. 팔은 안으로 굽기도 하지만, 카이 애들이 확실히 가르치면 잘 하거든요. 상한이 높다 해야 할까요? 그런 이유입니다.별개의 얘긴데, 카이는 대다수 대학과 달리 4.3 만점이라서 4.5 만점으로 환산하면 조금 더 높아진다네요.",뭐 업계바이업계 아니겠습니까 인하에서 4.5 해도 학벌로 컷되는 극단적인 업계도 있고 블라인드 채용하는 업계도 있죠,아이고... 그 사이 엄청 많이들 봐주셨네요 감사합니다들... 얼른 주무세요..,학업도 학업이지만 동아리도 여러개 해봐야겠네요,삭제된 댓글입니다.,카이 평균이 3.2~3.4인데 선생님이 보시기엔 평균인 학생들이 공부를 안 한 것 같습니까?,"제 표현에 불명확한 부분이 있었나봐요. 일단 서류를 통과시켜놓고 면접에서 한 번 더 검증해보겠단 뜻이에요. 최종 합격이 아니라..!그리고 개인적으로는, 3.2가 공부를 다른 사람에 비해 덜 했을 수는 있겠지만, 완전히 놓았다고 보지는 않아요. 다들 아시다시피 학점은 성실성의 척도지 그 사람의 업무능력을 대변하지는 않기 때문에 3.2인 이유에 대해 납득 가능한 이유가 있다면 면접도 통과할 수 있다고 생각해요.","저도 앞자리가 1인 학번인 한 학부생으로서의 사견을 달아보고자 합니다.1. 대학원 진학비율이 낮아진 건 연구를 하려는 학생들 위주로 지원하던 경향에서 그냥 상위권 일반 4년제 대학 지원하듯 지원하는 경향으로 바뀌어온 탓이 아닐까요. 좋은 건지 나쁜 건지는 잘 모르겠습니당.. 다만 어떤 방면에서는 획일화로 볼 수 있을 것 같아 아쉽습니다.2. '생각이 어린 사람들이 많아진' 것은 1번과 연관성이 있을지도 모른다고 생각은 해봤습니다..만 뭐 서울대에서도 10년 전에 그런 학생들이 대나무숲에 빈번히 나오진 않았던 것 같으니 그저 '익명 커뮤니티'의 폐해 정도로 생각하시면 될 것 같습니다. 뭐 디씨... 이런 정도로요.3. 그래서 '사회에서 카이스트의 이미지는?' 부분은 1번의 이유로 점차 개선되지 않을까 싶습니다. 상향평준화든 하향평준화든 어느 정도까지는 사회성이 비슷해진 것 같다는 느낌이 들었습니다.4. 전체적 맥락을 꿰뚫는 요약 중 하나가'자기확신이 너무 강해서 자신이 틀릴 수도 있다는 걸 알지 못하는' 데서 오는 '사회성 미함양', 혹은 '인격적 미성숙'이라는 생각이 들었습니다. 매우 공감합니다. 내가 틀릴 수도 있다는 걸 인정하고 굽히고 들어가는 게 처음에는 어려웠는데, 한두번 해보니 그렇게 큰 게 아니더라고요. 깨닫는데 저는 좀 오랜 시간이 걸렸는데 선배님께서 글을 써주셨으니 다른 학우분들은 조금 더 쉽게 얻으셨으면 좋겠네요..ㅎㅎ 다른 부분들은 저도 아직 20대 중반이라 보고 배워야겠다는 느낌이 들었어요.5. 바쁘신 와중에 격려와 충고의 말씀 깊이 감사드립니다! 사실 종강이 너무 하고 싶었는데 ㅎㅎ 덕분에 또 열심히 살아봐야겠다는 생각을 하네요. 선배님께서도 남은 일요일 잘 보내시길 바랍니당 :)","1~3에 관해서는 여러 이야기가 가능하겠지만, 전체 정원은 똑같은데 인구 감소로 인한 효과가 주요하지 않나 싶은 생각이에요. 곁가지는 너무 얘기가 길어지니까 굳이 안할게요.4는 감사해요 제가 하고 싶은 얘기를 잘 캐치해주셨네요. 저도 아직 '내가 지금 내 생각만을 고집하고 있는건 아닌가' 싶을 때가 많아서 이 글도 매우 조심스러웠어요. 우리 항상 더 나은 사람이 되기 위해 노력해봅시다.",1번 적극적으로 공감합니다. 사실 예전만 하더라도 좋은 대학 같은 스스로의 명예를 높이기 위해 카이스트에 오는 일은 잘 없었다만 요즘은 카이에 와도 소기의 목적을 잘 달성할 수 있기에 학생들의 지향점이 많이 다양해진 것도 있는 듯 합니다.,좋은 글 정말 감사합니다 마음속에 잘 새겨놓겠습니다,17학번인데 공감합니다.,"친구랑 즐겁게 노는 방법은 이런 글을 읽어도 터득되지 않더라고요.. 어느샌가 수많은 좋은 글을 읽고 아무리 생각해도 우연히 특별한 일이 없으면 내일도, 그 다음날도 변함없는 내가 있을거라는 확신이 이미 있습니다..ㅋㅋ",선배님 좋은 글 감사합니다,좋은글 감사합니다!,정성어린 글 감사합니다,마음에 남는 좋은 글 감사합니다.,감사합니다.,저랑 연배가 비슷한 분도 있네요 반갑습니다 ㅎㅎ,저는 그 박사 했다고 돈 조금이라도 더 번다는거 그거 거짓입니다. 학 석졸 하고 사회에서 쌓는 커리어와 연봉이 더 높을 가능성이 높다고 생각합니다.,군대 전역하고 열심히 할게요
Orthogonal Geese,에브리타임KAIST,14,269,29,아니 드립땜에 이상함을 못 느꼈네;; 거위가 왜 올라가 있는거냐,어쩌다가 저렇게 된거냐,카피바라보고 배웠네,ㄱㅇㅇ,ㅋㅋㅋㅋㅋ g1 g2가 개귀엽네,그럼 g1/|g1|과 g2/|g2|는 orthonormal 거위들인가요?,그렇죠. 각각 unit goose네요,부리 벡터의 내적 값이 0이 아니네요,spine vector를 보셔야죠,디랙 노테이션 써주세뇨,<g1 | g2>=0,카피바라,이게 무임승차지 ㅋㅋ,ㅋㅋㅋㅋㅋㅋㅋㅋㅋㅋㅋㅋ 점마 왜 저기서 저러고 있나
새해 첫 게시글,에브리타임KAIST,6,232,0,개시글?,댕댕~,헉 바꿈 ㅎㅎ,아닌디?,올 해 띄어쓰기 ㄷㄷㄷ.,의대 가게 해주세요~
신이면 개추,에브리타임KAIST,2,230,0,Ψ(kaist)=1,신이나~
새내기를 위한 학교 근처 맛집 (업데이트),에브리타임KAIST,21,222,551,바로 개추 후 스크랩,솔직히 추천은 하고 스크랩하자 다들,삭제된 댓글입니다.,학교랑 가까운데 그정도면 평균이상임,ㅈㄴ별로임,후쿠부쿠로 없어졌어요,앗 그렇네요 도안동에만 있어요 ㅠㅠ,좋은 정보긴 한데 맛집이라기엔 걍 언동 음식점을 거의 다 모아놨노ㅋㅋ,그래도 폭탄은 빼줬을듯,"주관적인 평가가 될 것 같아서 가까운 곳들은 다 적구, 조금 멀리 있는 곳들은 맛집들만 골라서 넣어 봤습니다..! 너무 맹신하지는 마시구 그냥 메뉴 고를 때 참고용으로 봐주시면 감사할 것 같아요🙂",명란돈가스는 아니야....,맛집X 음식점 리스트O,팬텀팬피그 망한걸로 알고있어요,헉 그렇군요 감사합니다..!,진짜 망했어요? 지난번에 인테리어 공사한다고 잠깐 쉬던데,어은동 베리신주쿠 강추요!!,새내기들 있음 어은동 궁동은 이거보고 가지는 말자.. 언동궁동 쪽 리스트는 맛있다고 기대하고 가면 안되고 그냥 먹을만한 음식점들일뿐,맛집ㄴ 음식점 리스트ㅇ,란스시도없어지고 막창가게생김,밀과 보리 무한리필 아닌 걸로 바뀜 ㅠ,오늘뭐먹지 무한리필 이제 안함,"봉명동 상무초밥 점심특선 추천. 가성비, 구성 좋고 샤리도 맛있음😋"
,에브리타임KAIST,13,191,17,휴,많이 힘드니...,댓글까지 개웃기네 ㅋㅋㅋㅋㅋㅋㅋㅋㅋ,공감 20개 추하다 ㅋㅋㅋ,개추 ㅋㅋㅋㅋ,ㅅㅂㅋㅋㅋㅋㅋㅋㅋㄱ,뭐야 공감 왜캐 많아,새내기 폼 미쳤다,새내기 개쩌네 환영한다,이거지 ㅋㅋㅋㅋ,이게 카이 새내기지,ㅋㅋi'm riding sum,팔이 포인트네ㅋㅋ
경축) 거위 새끼 부화,에브리타임KAIST,35,184,5,ㄱㅇㅇ,거위야?,거위치킨 맛있으려나,푸아그라는 맛있음,거위는 알에서 태어남?,그러면 엄마배에서 나올까....,꺅!!!,이제 학식에 푸아그라 나오나요,>> 이세낀 진짜 악마노,귀여어,ㄱㅇㅇ,개귀엽다,와 너무귀여워,냥이 특식이네,헉,안돼 ㅠㅠㅠㅠ,마음이 아프네,저기까지 점프하기 빡셀거 같은데 당분간 새끼거위들 저 섬에만 살기를..,그저 ㅈ냥이들,거위 새끼 있을 때 엄청 사나워진다던데,털바퀴들 싱글벙글이노,이참에 카이 고양이들 총장님 눈에 거슬려서 싹 정리 함 해줬으면...ㅋㅋ,똥만 싸대는 거위새끼들 난 솔직히 싫은데..,이제 횡단보도 걸어다닐때 거위가 근처에서 난리치겠네,새끼 거위,저기 거위 모여있던 이유가 저거였구나 ㅋㅋㅋ,새끼? 거위님이 니 친구냐?,"카이스트 서열 1위 경신""새끼 거위""",입에 넣고 와라랄랄랄 하고싶다,으적으적,오르톨랑 마렵네,귀여웡!,고양이가 물어뜯겠네,고양이가 오리새끼는 사냥하기 쉬워도 거위는 만만찮을걸~ 그게 오리연못이 실질적으로 거위연못인 이유,댓글들 어지러운 거 많네 아ㅋㅋㅋㅋ
롯데리아 민심 테스트,에브리타임KAIST,20,180,0,소프트콘 먹어야하니까 여름까지는 두자,"양념감자, 토네이도, 치즈스틱... 사이드는 훌륭하다!!",안먹어도되니까 제발좀 나갔으면…,사이도 체스토,얘네 왜 요새는 새벽 2시까지 않하냐 밤늦게까지 일어나 있는 학생들 허기채울 권리따윈 개나 줘버린...?,넌 맞춤법은 개나 줘버린…?,않 ㅇㅈㄹ,ㅋㅋㅋㅋㅋㅋ,타코집 들왔으묜 좋겠음,솔직히 그냥 국밥집 하나 든든하게 들어오자,태평소 들어오면 일주일에 7번씩 가줄수있어..,더 추해지기 전에 은퇴해야,꺼지십시오 joat,좀 나가 ㄹㅇ,또부리또 분점 들어왔으면 좋겠는걸?,맥날이나 버거킹 들어왔으면...,새벽에 라이스버거 시켜먹던 내가 할 말은 아닌데 옛날처럼 늦게까지 했으면 좋겠다 ㄹㅇ,맥 도 날 드 24시간 가즈아ㅏ,"학교 복학했는데, 자리 운영 안하는 것도 불편하지만, 왜이리 늦게 나오고 불친절할까요? 안된다는 메뉴도 많고 뭔가 갑인것처럼 말씀하시는 점원이 많아 불편했어요.",지 마음대로 문닫고 자리 운영 안하고 걍 꺼지고 새로운 브랜드 들어오자
앙냥냥냥,에브리타임KAIST,20,173,66,감사... 압도적 감사...,무한개추,그냥개추,저장어케해요ㅠㅜㅜㅜㅜ,https://linksharing.samsungcloud.com/7rw2qUc976zt,아이폰은 저장 못하나요 혹시..,아이폰도 저장하고 싶어요....ㅠㅠ,오 갤럭신데 기능 첨알았네,아이폰 저장법사파리로 들어가서 다운로드 후 갤러리에 저장,추천해,선생님 감사합니다. 앙냥냥,감사합니다 선생!!,안야아냐아냐앙8나양 거마워,천국가라,정말 감사합니다 선생님..,천국에 가기 위한 업을 모두 쌓으셨습니다..,감사합니다 형님,앙냐야야냐야야야냐야야냐ㅑ야야냐야야아하갈차ㅏ가라하가라퍄냐냐야야야야야야야애푸ㅜ수슈슈슈슈슈슈슈슈수수ㅜ냐야어아아ㅏㅇㅇ,내년에는 축제 꼭 간다…,역시 율은 커율이야
다들 이번학기도 고생 너무 많았어요!,에브리타임KAIST,9,162,4,고마워용,네! 화이팅!!,다들 화이팅합시다! 요즘 힘들면서도 저 마인드가 공존하는 거 같네요,ㅎㅎ맞아요! 카이가 편한 학교는 절대 아니라 지금 사실 다들 힘들겠지만 그래도 곧 끝나니까 다같이 잘 마무리하면 좋을 것 같아요!,항상 힘들다고 생각하는 것보다 이렇게 생각하는게 훨씬 좋은 거 같네요! 작성자님도 남은 학기와 기말 화이팅입니다!,ㅎㅎ감사합니다!! 다같이 화이팅!,감사합니다,감사해요 ㅎㅎ 화이팅합시다!,파야 파야!
밑에 놈꺼 짝퉁이다,에브리타임KAIST,1,159,0,밑에꺼 누르면 던진거 비마 가능하냐
황희 정승의 일화,에브리타임KAIST,10,147,33,벌써 시험기간인가,진짜 좋다 이런거,약 400년을 앞서가신... ㄷㄷㄷ,전세계가 놀란 K-전통과학,물질의 이중성에 대한 연구의 기원이 한국이란 것은 수박도에도 나와있는 사실이다,수박도에는 상대성이론에 관한 내용만 있습니다,그런 황희정승도 이도 교수님 연구실에서 벗어날 수 없는 대학원생이었을... ㅠㅠ,문과의 왕 이도,황희 정승 노벨상,ㅋㅋㅋㅋㅋㅋㅋㅋㅋㅋㅋ
"나에게 시험공부란 ""야스""다",에브리타임KAIST,5,146,2,개추요..,너무 졸린데 개추를 참을수가 없다,이시간대에 이만한 개추 쉽지 않은데 ㄷㄷ,이시간에 미친 추천수 ㄷㄷ,야스 장인 도미야스 ㄷ ㄷ
수강신청 잘 되는 새,에브리타임KAIST,10,144,0,십새야 a+ 새 친구냐? 이제 안믿는다.,※ 똑같은 사람이 매번 올리는 중입니다,양진이,캬루 또너야??,예측샷 ㄷㄷ,단백질 함량이 몇프로인지 궁금하네,ㅈ됐잖아ㅜㅜ,믿고있었다구~~,이걸 안봐서 안됐네,비추버튼
"친애하는 총장님, 학부 및 대학원 총학생회, 생활관 자치회 여러분께",에브리타임KAIST,28,142,1,삭제된 댓글입니다.,ㅂㅁㄱ,당신이 보는 피가 끝이 아니니까요... 그리고 희망관 강화유리가 주기적으로 깨지는 게 기숙사의 문제가 아니라면 뭡니까,실제로 지혜관이 멀고 백로와 해충으로 인한 피해가 가장 큰데 살아보지도 않은 것처럼 말씀하시는군요. 그리고 예산이 기숙사의 어느 부분에 쓰이는지 말씀 좀 해주시죠,그러니까 그게 기숙사별로 차이가 있다는 말을 하는데 멍청한 겁니까 시비거는 겁니까...,그리고 예산이 기숙사에 너무 많이 쓰이고 있다는 건 전혀 근거가 없네요,이새끼는 그냥 찐따임,연 예산이 1조 넘는 되는 학교가 기숙사에 억단위 돈도 투자를 못하나요? 학생으로서 최소한의 것을 요구하는 겁니다,븅신,너무 시설들이 낙후 됐으니까 사고 예방 차원에서 투자 할수도 있지… 저건 쿨찐도 아닌데 뭐라 부르노,익1 댓삭튀 개추하다 진짜 ㅋㅋㅋ,아 ㅋㅋ 총장 뉴욕에 노후준비한다고 바쁘다고~ ㅋㅋ,한달에 평균적으로 한번에서 두번 정도 유리가 깨지는 사고가 발생하고 있습니다. 특정한 층 뿐만 아니라 모든 층에서 발생하고 있습니다. 제발 학교 측에서 진지하게 검토해주기를 바랍니다.,"진지한건 유퀴즈 출연, 이승기3억받았도르, 뉴욕에 노후준비중이신거 말고는 없죠 ㅋㅋ",진짜 사람 한명 죽거나 외부로 공론화해야지 바꿔주겠네,제발 기숙사부터 어떻게 하라고,뭔가 기숙사 안 살고 싶더라니 쎄했어,무서워서 샤워 하겠나 이거.. 샤워하면서 계속 유리 깨지면 어캐 피할지 생각이나 하고 있어야 하노 ㅋㅋㅋ,알몸으로 다쳐서 피흘리며 뛰어나가는 상상함 ㅅㅂ,미술관 지을 돈은 있고 ㅋㅋ^^,샤워할때마다 옆에 유리 깨지는 상상 하는데 이게 현실이 될줄이야,저런거 목에 튀면 어케 대처하냐...,이게 에티에 올라온 거만 봐도 한두번이 아님..,차라리 없는게 안전할듯 ㅠㅠ 저거 교체는 당장 어렺다 쳐도 시설팀 직원분들 하루 날잡고 유리 철거하는건 당장 가능하지 않나? (아닌가 ㅠ 잘모름),희망관이 돈은 더받으면서 시설은 딱히,저거 강화유리 맞음?,에타에 올리지 말고 신문사에 제보하면 바로 해결 각,제발 생활관 환경에 투자해주세요 ...,성지순례 왔습니다
중력의 새,에브리타임KAIST,5,137,0,이게 맞다,못났다 증말,어디 새장 물어뜯겼나 새가 왜이렇게 많이와,예아,🦉
a+ 짤,에브리타임KAIST,9,132,0,짤리게 생기겠는데?,재수강 11번 할것같이 생겼는데?,뭉탱이 게시판으로,ㅇㅇㄱㄴ,ㄱㅅ,오옹~~~! 나이스,에이쁠 필요없는데 개추는 누름,ㅁㅌㅇ,새 내놔라
헬스지상주의 : 교내 헬스장 시설 가이드,에브리타임KAIST,24,130,110,"지금 확인해보니, 화질때문에 헬스장 설명이 잘 안보이네요... 구글 docs링크로 모두 열람 가능하게 해 두었으니 좀더 상세히 보고 싶으신 분들 그걸로 보시면 될것 같습니다!(컨텐츠 가독성 죄송합니다)",지금 보니 사진이 다운로드 가능하군요...! 다운받아서 보시면 더욱 상세한 글씨 읽으실수 있습니다!,♡,개인적인 순위 매겨주실 수 있나요?,"1. 스컴2. 대강당3. 나들, 미르4. 세종5. 갈릴레이6. 신뢰7. 문지(거리때문)제 기준 이정도인것 같습니다",희망관은 죽었다 ㅠㅠ,희망관을 사진 다찍어놓고서 깜빡했군요...업데이트 하겠습니다!,총장님 계시는 본관E14 지하에도 헬스장 있어요!! 정보 추가좀 해주세요,이건 아예 몰랐군요. 감사합니다! 빠른시일 내 답사 운동 가보겠습니다!,"넹 안마의자, 당구다이, 탁구다이, 탁구 혼자 훈련때 공쏴주는 기계 있습니다 잼난 후기 기대해용",ㅋㅋㅋㅋㅋㅋㅋㅋㅋㅋㅋㅋㅋㅋ,정성추,아름답네요,n1도 적당히 하기에는 좋은거많은디ㅋㅋ,상태식이 돌아왔구나,원판정리 하고 갑시다!,전산 선배는 대학원에 간건가요???,"전산과의 육성의 천재, ""종 건"" 선배님께서는 서울에서 개발자 하십니다. 강동,강서,강남,강북에 있는 회사들한테 하청 맡기시면서 각 회사한테 월 1억씩 받으신다네요 ㅎㅎ",형님 남자 상탈운동 가능한 스팟이 있나요? 신뢰관에선 될까요,"다른데는 모르겠는데, 스컴에서 상탈운동하시면 환불 받으실수 있을껍니다!",경험담이신가요? ㅠㅠ 감사합니다,스컴 헬스장 몇트하셨나요 지금 10트가까이 되가는데 안돼서 눈물을머금고 어은동다니는데 너무삶이 괴롭습니다…,"희망다솜이 없길래 추가해요 남녀공용 24시 / 스트레칭룸(폼롤러 없음) / 정수기 및 사물함 / 바벨 덤벨 넉넉하게 무게별로 다있으나 파워랙이 없고 스미스머신만 있음(프리 오헤프/스쿼트 불가) / 땅데드가 가능은하나 소리가울려서 컴플레인 들어오는듯함 / 런닝머신 다수 / 치닝바(딥스바없음) / 벤치(안전바없고 거치대가 머리위쪽에 달려있어서 매우불편) / 케이블 2개 있으나 매우 뻑뻑하고 사용가능한 벤치가 없고 공간이 협소해 암풀다운이나 푸쉬다운정도만 가능 / 머신은 체스트프레스, 팩덱플라이, 랫풀다운, 앱도미널, 레그프레스(90도), 레그익스텐션 정도 있으나 전반적으로 뻑뻑하고 상태가 안좋음… 이것저것 많긴한데 뭔가 여건이 프리웨이트 하기도 별로고 머신운동 하기도 별로고 맨몸운동하기도 별로라.. 차라리 신뢰관이 나은듯",억 익명 15님 너무 감사합니다ㅠㅠ 정리하느라 고생중이었는데 해결되어 버렸군요!!저는 스컴 7트 후 성공했습니다ㅠㅠ
카이마루,에브리타임KAIST,16,129,5,저는 휴김밥 지원했는데! 혹시 어디 지원하셨어요?,네? 카이마루 안에 부가 나뉘어져있나요?,"혹시 휴김밥 붙으시면 찌개 맛 개선 좀 부탁드릴게요ㅠㅠ 제육이랑 돈가스, 김밥같은 다른 메뉴들도 부탁드립니더.",무슨 말인지 잘 모르겠어요..,카이누리?,네네,ㅋㅋㅋㅋㅋ 카이마루는 북측 식당이에요,카이에 자부심 있었는데 식당이 맛없어서 자부심 깎였다는줄 알았네,카이마루 설거지알바 수석합격,카이마루 바이럴,ㅋㅋㅋㅋㅋ귀엽네,기여워,새내기 ㄱㅇㅇ,개귀여움ㅋㅋㅋㅋㅋㅋ,ㅋㅋㅋㅋㅋㅋ 어지럽네,오빠 귀엽다..
반도체분야 전용 A+ 버튼,에브리타임KAIST,6,129,3,왤케 못생겼냐,삼전 goat 무시?,ㄴㄱ?,김기남,충성,강대원 박사님 ㅇㄷ?
후배한테 고백했는데,에브리타임KAIST,41,124,3,어림도 없지 이노마,🤏🏻,비추버튼,비추버튼 ㅈㄴ 많은거 개웃기노 ㅋㅋ,둘이 합쳐서 100이라고 우겨봐,비추 100 돌파 ㅋㅋ,비추요,ㅂㄱㄴ,댓이나 100개 남겨주죠 ㅋㅋ,16번째 댓,^ㅗ^,기출컷,응,뭉,탱,이,로,유,리,계,슝,아,이,고,난,둥,신고 ㄱㄱ,되겠냐ㅋㅋ,동성이면 눌러드릴게요,구라,ㄲㅈ,진짜 넘네 ㅅㅂ,후기로 찾아뵙겠습니다,비장한거 개웃기네ㅋㅋ,아니 이게 되네 ㅅㅂ,언제오시나요,ㄹㅇ…후기 언제…,후기 제발 ㅋㅋㅋㅋ,상식적으로 (좋아요 - 비추)로 해야되는거 아님?,뎃,101번째 좋아요 눌러준 사람인데 괜히 눌렀나;;
나비도못받겠따우,에브리타임KAIST,5,116,8,조~ 조때띠~ 다 씨겠따우~,ㅋㅋㅋㅋㅋㅋㅋㅋㅋㅋㅋ,ㅋㅋㅋㅋㅋㅋ웃기네,NR보겠따우...,Long long time ago~
컴그개 그림자,에브리타임KAIST,31,116,5,개추,ㅅㅂ 어케함 난 안되던데,게시물 공감 100개 박히면 바로 트위치로 해설강의 라이브 켬,치팅 방송ㅋㅋㅋㅋㅋㅋ,진짜 키나???,방금 자게에 공지 올리,https://everytime.kr/393753/v/305383618,진짜 몇시간 걸렸어요?,대략 110~130시간 언저리요,존경합니다,컴그개 들어보려고 하는 사람인데 어떤 툴을 써서 어떤 과제를 수행하라고 주어졌나요?,"C++, opengl 입니다",아니 그정도면 나머지 과제 다합한 시간이랑 비슷한데? ㅋㅋㅋㅋㅋ,궁금한데 무슨 과제인지 알려주세욤,태양만세!,캬,Take on me~,110시간 썼다는거 보니까 여태 나왔던 과제 수준 난이도 생각하면 안되는거죠? 그냥 포기해야겠다...,뭔지 모르는데 트위치생방 보고싶어서 개추누름 ㅋㅋ,"전산과 아니라서 몰라서 그러는데 , 뭘 줄인거에요? 컴퓨터 그림자 개론…? 왜 태양이 나오지",ㅋㅋㅋㅋㅋㅋㅋㅋ그림자개론,그래프는 아닐거아님,그….그림…?,그라가스…? 그리폰..? 그..그ㅡ..그치만…?,그래픽?,그래프까진 생각했으면서 ㅋㅋㅋ,와 개대단하다..... 어케했어요,생방 가즈아,생방 가즈아,게이야 투네이션 트윕 obs는 준비됐제?,주워옴 ㄱㄷㄱㄷ
샀을 때 제일 후회하는 의자는?,에브리타임KAIST,10,114,6,이건 좀 웃겼다,개신박하다 ㄹㅇ,아니지 안 팔아서 후회해야되는 거 아님? 샀는데 팔 걸이라고 후회하는 게 어딨음,아 쫌 제발 시발,맞긴해 ㅋㅋㅋㅋ,익4반응이 살렸다 ㅋㅋㅋ,ㄹㅇㅋㅋ,"나도 이 생각했어. 재밌긴 하지만, 사고 나서 후회한다면 ""사지 말 걸""이지 ""팔 걸""은 아니라고 생각해. 차라리 ""이사할 때 가져가면 후회하는 의자는?""이 더 적합한 것 같아.",유튜브에 찐따 특보고 와줘용,더 재밌게 못만들면 지적금지
3중 진자 컨트롤 하기,에브리타임KAIST,23,113,42,쉣,미쳣다,개멋있다 근데 어따쓰지,직접적으로 안써도 저거 구현하는데 쓴 알고리즘을 로봇공학에 쓸 수 있지않을까,와..,와 ㄷㄷ,와.....,와 어케했냐 저게 계산 가능한거임...??,요즘 저런 연구의 대부분은 강화학습 기반일거임,영상설명: 실시간 제어는 Embedded Control Lab에서 개발한 LW-RCP02와 Simulink를 이용하여 구현하였습니다. Sampling time은 1 ms 입니다.,외계인 잘도 고문했네,논문: https://www.kci.go.kr/kciportal/ci/sereArticleSearch/ciSereArtiView.kci?sereArticleSearchBean.artiId=ART002884726,한국이었네 ㅋㅋㅋㅋ 인하대 폼 미쳤다,타대 출신 대학원생으로서 이글이 인기글인게 더 놀랍다,ㅋㅋㅋㅋㅋ,나도 ㅋㅋㅋㅋㅋ 역시 카이 아니랄까봐 ㅋㅋㅋㅋ 핫게가 3중 진자 이퀄리브리엄 제어하기 ㅋㅋㅋㅋ,ㄹㅇㅋㅋ,이왜념,간지난다,아니 진자 떨어뜨릴때도 딱 멈추게 하네..ㄷ ㄷ,존나신기하다,와,와 씨 한 번 쳤다
pi,에브리타임KAIST,14,111,6,ㄹㅈㄷ,265358,979323,846264,338327,950288,어케뽑았노,314159입 니다,4197169,개고수,399375,105820,너므부럽다,일반인들은 이런 행운을 누려도 자기가 원주율 근삿값에 처해있다는 걸 모르겠지… 카이스트너무좋다
이승기 카이스트에 3억 기부,에브리타임KAIST,21,110,1,대 승 기,킹 짱 기,저한테 주세요 그 3억,아까워요,3천만이라도,그저빛,존나 호감이다ㅋㅋ,이승기가 총장하면 안됨?,빛승기,#이승기를_총장으로,빛 그자체,좆간지다,이 돈으로 북측 기숙사 리모델링좀 해라돈을 ㄹㅇ 어따쓰노,월 10만원에 씻고 잘 공간 제공해주는 것에 감사하십시오 휴먼,진짜 이승기는 진짜 .... 와... 정말 사람이 와 ...... 진짜 이승기는 진짜 씹 씹 씹 씹 씹 인정이야 .. 너무 멋있는 사람이다 ..,빛 빛 빛,와 내일 약정식 온대,ㄹㅇ? 어디서??,서울 도곡캠퍼스에서,1박2일때부터 호감이었어,진짜 개극호감 연예인 이승기 화이팅!!!
전킥 타다가 넘어진 사람입니다,에브리타임KAIST,13,109,0,힘내시고 치료 잘하십쇼,힘내시고 치료 잘 끝내세요,덕분에 학생들이 주의하면서 탈거에요,물론 저녁 카마 앞에서 한 킥보드에 두 명이 타겠다고 쇼한 광경을 보긴했지만..,더 크게 다치지않아 천만다행이네요잘 치료하세요~~,어으 사람들 알도 못하면서 ...힘내세용,얼른 나으세요,ㄹㅇ 킥보드 타면서 헬멧 쓴거는 다쳐도 뭐라하면 안됨… 지나가다 헬멧 쓴놈 한명도 못봤다,쾌차하세요ㅜㅜ 안전모 쓰셔서 그래도 덜 다치셨다니 다행입니다,쾌유 하시길 바라겠습니다,잘못한거 없어보이네여 당당하십쇼,에잉.... 그래도 불행 중 다행이네여 얼른 나으시길 바라요,안전모 안쓴 놈들이 얼마나 많은데 하필 규칙도 잘 지키시는 분이 다치다니 화가나네요 ㅠ쾌유하십쇼
오피셜)태울석림제 라인업 공개,에브리타임KAIST,34,108,10,이거 다 하면미르관에서 물구나무 서기해서무대까지 감,하나라도 할수있긴함?,오프닝 잔나비 정도는 가능하지않을까,미친새끼 ㅋㅋㅋㅋㅋㅋㅋ,보기만 해도 아찔하네,톰요크 안오면 노래는 누가부름?,축사 머노...,축사 걸러도 다른 것도 정상 아님 ㅋㅋㅋ,이 돈이면 엔드리스에 무빙워크를 깔고 어은동산을 지우겠네,캠퍼스 평탄화 ㅆㄱㄴ,제발 어은동산 지워줘,무빙워크 제발,톰요크 없으면 노래는 누가부르는데 ㅋㅋ,정성추,코난오브라이언은 졸업식 축사로 언제 부르냐,칸예vs테일러 ㅋㅋㅋㅋㅋㅋㅋ,이게 개웃김 진짜 ㅋㅋㅋ,ㅋㅋㅋㅋㅋㅋㅋㅋ 프랭크 오션 3집이 제일 끌린다 ㅋㅋㅋㅋㅋ,오션 3집이면 미국에서 날아와서 보겠다는 사람 줄 설 듯,지옥에서 돌아온 커트코베인 추가해주세요,너바나는 태울석림제에서 공식 재결합 발표 후 지올팍의 'Christian' 무대에 코러스로 참여할 예정입니다!,지올팍이 레전드노 ㅋㅋ,레드제플린 오면 진짜… 후….. 오열할듯,ㅋㅋㅋㅋㅋ ㅈㄴ웃기네,진짜 한줄한줄 다 웃기넼ㅋㅋㅋㅋㅋㅋ,존 레논은 안 오나보네 ㅠ...아쉽다,존 레논이랑 조지 해리슨 부활시켜 주세요,"잔나비, 지올팍 정도가 팩트인 듯 ㅋㅋ",유아인 김새론 임창정 ㄹㅇ 현실반영 ㅋㅋㅋㅋ,아 차사고 내서 그렇고나나만 머리가 쓰레기네,얼탱이가 없네 ㅋㅋㅋ,정성이네 개잘썼디,음주운전자가 축사를....?!,잔나비까지 보고 진짜인줄 알았다
벚꽃이 활짝 핀 캠퍼스를 걸으며 한 생각,에브리타임KAIST,12,104,40,카이에 유독 이런 케이스가 많은 듯하네요 저도 공부를 도피처로 삼은 케이스입니다,공감해주셔서 감사합니다 :)사람들을 만날 때보다 혼자 공부하는 게더 편할 때가 있더라고요,오 나랑 똑같으시네,"사실 중고등학교때는 공부에 확실한 목표치가 있어서 이러한 사색을 많이 해보지 않았던거 같아요. 저도 사람들을 만나지 않아서 불안하지만 막상 사람들을 만나고 정적이 일어날까 무서워서 방안에 있던 적이 종종 있었어요. 그래도 가까운 가족, 친구들과의 시간부터 다시 재미있게 보내고 교내 활동을 많이 찾아보면서 인긴관계를 넓히고 있는 중이에요. 무엇보다 사람들을 많이 만나고 싶다면 방 밖으로 나가는게 제일 중요하다고 생각해요. (글고 글쓴이 분 자신의 복잡한 생각을 글로 표현하실 수 있는 능력이 많이 부럽네용)",댓글 감사합니다! 저도 이번 학기부터는조금씩 교내 활동들에 참여하고 있습니다😀익4님도 만족스러운 한 학기 되셨으면 해요,최엘비 독립음악!!! 혹시 최엘비 좋아하시나요!,내 음악은 독립해~,집에 CD도 고이 모셔두고 있어요~,"본인이 편안한 경계선 밖에 꼭 나가야할 필요는 없지만, 원한다면 처음이 어렵지 이후부터는 수월한 것 같네요. 멋지게 성장하시길!",응원해 주셔서 감사합니다!저도 익6님처럼 예쁘게 말하는 법을 배우고 싶네요 :),독립음악 ㄹㅇ 명반,"저도 인간관계를 개선하고 싶은데 먼저 나서기에는 불안하고, 내가 말을 걸면 분위기가 나빠질 것 같고 등등 수많은 생각이 들며 더욱 움츠러 들게 되네요이때까지 그런 것처럼 다시 공부로 도피하고, 스트레스 쌓여서 더욱 움츠러들고...."
기숙사 신청하는 만화,에브리타임KAIST,11,101,9,문지관 6개월 단위 계약이라 여름엔 튕길 일 없다니깐…,허허,자취하십셔,그래서 추천 누르면 절망관에 간다는거죠?,개웃기네ㅋㅋㅋ,뒤에 총장님 이제봤네 ㅋㅋㅋㅋㅋ,그래소 희망관이 좋다는거지?,희망관이 얼마나 좋은데,ㅋㅋㅋ 희망좋은데,이거 실화바탕이네,이거 보고 희망 재배정 받으려고 추천 눌렀다
